{
  "calculator/__init__.py": 1778088887.746303,
  "tests/unit/test_calculator/test_determinism.py": 1778169504.4866722,
  "tests/unit/test_ai/test_svg_renderer.py": 1778165704.708786,
  "tests/unit/test_bot/__init__.py": 1778169521.7777355,
  "tests/unit/test_bot/test_birth_datetime.py": 1778169541.6100268,
  "ai/svg_renderer.py": 1778168334.8775723,
  "ai/_render_pool.py": 1778165243.2439091,
  "ai/card_renderer.py": 1778165057.218995,
  "scripts/bench_render.py": 1778165229.4221117,
  "db/repositories/user_repo.py": 1778160712.4497228,
  "db/repositories/chart_repo.py": 1778155854.5509725,
  "bot/config.py": 1778165070.7230349,
  "bot/main.py": 1778143570.3367128,
  "bot/states.py": 1778092419.678018,
  "bot/routers/start.py": 1778156467.8035152,
  "bot/routers/birth_data.py": 1778162240.2322621,
  "bot/keyboards/__init__.py": 1778092405.5790951,
  "bot/middlewares/__init__.py": 1778050389.7039466,
  "bot/middlewares/db_session.py": 1778050200.6548617,
  "bot/middlewares/user_middleware.py": 1778050385.0594378,
  "bot/services/birth_datetime.py": 1778088869.6186085,
  "bot/services/__init__.py": 1778068061.4526482,
  "bot/services/menu.py": 1778162519.9797964,
  "bot/services/geocoding.py": 1778141742.2129164,
  "MASTER.md": 1778165321.9803221,
  "tasks.md": 1778169595.4509695,
  "graphify-out/GRAPH_REPORT.md": 1778170536.0144625,
  "doc/deploy.md": 1777740202.0400877,
  "doc/product_idea.md": 1773298945.4185421,
  "doc/benchmarks/render.md": 1778164972.9065824,
  "image/tasks/1778157066075.png": 1778157068.079429,
  "image/tasks/1778154360599.png": 1778154362.81755,
  "image/tasks/1778154346381.png": 1778154349.316178
}