{
  "migrations/env.py": 1777891414.225205,
  "tasks/consultation.py": 1778221341.9466665,
  "tasks/__init__.py": 1778182024.4034524,
  "tasks/broker.py": 1778181908.7150767,
  "calculator/symbolic_stars.py": 1777980981.4159424,
  "calculator/symbolic_stars_tables.py": 1777981200.7550669,
  "calculator/ten_gods.py": 1777909274.7466688,
  "calculator/solar_terms.py": 1777905287.7917893,
  "calculator/models.py": 1777985452.567281,
  "calculator/swiss.py": 1777897179.4762745,
  "calculator/__init__.py": 1778088887.746303,
  "calculator/day_master.py": 1777910628.157405,
  "calculator/true_solar_time.py": 1777905042.5174913,
  "calculator/luck_pillars.py": 1777913869.7009902,
  "calculator/pillars.py": 1777907222.3046277,
  "calculator/hidden_stems.py": 1777909024.8307369,
  "calculator/structures.py": 1777986132.6940672,
  "calculator/interactions.py": 1777914531.8713474,
  "calculator/calendar_select.py": 1778989675.93006,
  "calculator/structures_tables.py": 1777986132.693595,
  "calculator/auxiliary.py": 1777969102.2718096,
  "web/__init__.py": 1777740166.711492,
  "web/routes/__init__.py": 1777621766.622152,
  "tests/__init__.py": 1777740166.710651,
  "tests/unit/__init__.py": 1777740166.710753,
  "tests/unit/test_calculator/test_determinism.py": 1778169504.4866722,
  "tests/unit/test_calculator/test_true_solar_time.py": 1777905016.5901237,
  "tests/unit/test_calculator/test_hidden_stems.py": 1777909037.315968,
  "tests/unit/test_calculator/test_interactions.py": 1777914531.8713543,
  "tests/unit/test_calculator/test_structures.py": 1777986132.6950815,
  "tests/unit/test_calculator/test_day_master.py": 1777911423.47791,
  "tests/unit/test_calculator/test_auxiliary.py": 1777969057.2382908,
  "tests/unit/test_calculator/test_solar_terms.py": 1777905301.3999665,
  "tests/unit/test_calculator/test_ten_gods.py": 1777909274.7470846,
  "tests/unit/test_calculator/__init__.py": 1777621766.6436214,
  "tests/unit/test_calculator/test_luck_pillars.py": 1777913977.0449886,
  "tests/unit/test_calculator/test_calendar_select.py": 1778989675.9405499,
  "tests/unit/test_calculator/test_pillars.py": 1777911496.3889751,
  "tests/unit/test_calculator/test_models.py": 1777896293.9023535,
  "tests/unit/test_calculator/test_swiss.py": 1777911410.609584,
  "tests/unit/test_calculator/test_symbolic_stars.py": 1777981200.7561038,
  "tests/unit/test_knowledge/test_parser.py": 1779008653.9524302,
  "tests/unit/test_knowledge/test_from_pdf.py": 1779011119.0297117,
  "tests/unit/test_knowledge/test_writer.py": 1779008591.9466486,
  "tests/unit/test_knowledge/__init__.py": 1778999458.7453632,
  "tests/unit/test_knowledge/test_schema.py": 1778999468.272777,
  "tests/unit/test_knowledge/test_bootstrap.py": 1778999496.2614975,
  "tests/unit/test_knowledge/test_extract.py": 1779008567.2517757,
  "tests/unit/test_knowledge/test_ingest_cli.py": 1779008612.150837,
  "tests/unit/test_ai/test_base_interpretation.py": 1778931828.5808666,
  "tests/unit/test_ai/test_router.py": 1778931790.2576587,
  "tests/unit/test_ai/test_prompts.py": 1778173605.0045257,
  "tests/unit/test_ai/test_temporal_context.py": 1778952278.8521693,
  "tests/unit/test_ai/__init__.py": 1777621766.643696,
  "tests/unit/test_ai/test_orchestrator.py": 1778932190.418851,
  "tests/unit/test_ai/test_svg_renderer.py": 1778946787.149344,
  "tests/unit/test_ai/test_fallback.py": 1778931740.480351,
  "tests/unit/test_ai/test_calendar_parse.py": 1778989675.9343934,
  "tests/unit/test_ai/test_context.py": 1778178383.1428459,
  "tests/unit/test_ai/test_budget.py": 1778932173.8061748,
  "tests/unit/test_ai/test_rag/__init__.py": 1779012764.4130073,
  "tests/unit/test_ai/test_rag/test_public.py": 1779012833.7879183,
  "tests/unit/test_ai/test_rag/test_extract.py": 1779012783.6463022,
  "tests/unit/test_ai/test_rag/test_retrieve.py": 1779012809.1558762,
  "tests/unit/test_ai/test_rag/test_format.py": 1779012981.8654869,
  "tests/unit/test_bot/__init__.py": 1778169521.7777355,
  "tests/unit/test_bot/test_birth_datetime.py": 1778169541.6100268,
  "tests/unit/test_bot/test_consultation.py": 1778933715.613401,
  "tests/unit/test_bot/test_start.py": 1778250017.2635696,
  "tests/integration/__init__.py": 1777621766.6437683,
  "knowledge/bootstrap.py": 1778999573.915382,
  "knowledge/__init__.py": 1777621766.6462965,
  "knowledge/schema.py": 1778999378.2209663,
  "knowledge/ingest/models.py": 1779008333.8245726,
  "knowledge/ingest/from_pdf.py": 1779011044.1901257,
  "knowledge/ingest/__init__.py": 1779008315.3498018,
  "knowledge/ingest/parser.py": 1779012754.451902,
  "knowledge/ingest/cli.py": 1779008464.9461868,
  "knowledge/ingest/writer.py": 1779008438.6077452,
  "knowledge/ingest/extract.py": 1779008404.6207924,
  "knowledge/ingest/__main__.py": 1779008466.1330645,
  "ai/svg_renderer.py": 1778168334.8775723,
  "ai/budget.py": 1778931183.7139747,
  "ai/_render_pool.py": 1778165243.2439091,
  "ai/__init__.py": 1777621766.6193154,
  "ai/calendar_parse.py": 1778989675.9517806,
  "ai/base_interpretation.py": 1778931570.1059523,
  "ai/temporal_context.py": 1779012512.965173,
  "ai/context.py": 1778178811.1791873,
  "ai/orchestrator.py": 1778932190.4193528,
  "ai/calendar_context.py": 1778989586.450232,
  "ai/card_renderer.py": 1778165057.218995,
  "ai/router.py": 1778932163.2879965,
  "ai/fallback.py": 1778931464.5337615,
  "ai/rag/store.py": 1779012858.9478905,
  "ai/rag/public.py": 1779012758.2636588,
  "ai/rag/models.py": 1779012422.881604,
  "ai/rag/__init__.py": 1779012756.281315,
  "ai/rag/format.py": 1779012498.7099037,
  "ai/rag/retrieve.py": 1779013050.185279,
  "ai/rag/extract.py": 1779012706.362687,
  "ai/prompts/__init__.py": 1778952306.2072809,
  "scripts/research_bazi_structures.py": 1777986180.5591466,
  "scripts/bench_render.py": 1778178811.1782367,
  "db/models.py": 1777891212.8488417,
  "db/__init__.py": 1777621766.6244571,
  "db/engine.py": 1777890809.200743,
  "db/base.py": 1777891182.8971949,
  "db/repositories/__init__.py": 1777894660.8739843,
  "db/repositories/subscription_repo.py": 1777894640.2830734,
  "db/repositories/user_repo.py": 1778946679.187904,
  "db/repositories/consultation_repo.py": 1778246871.9201107,
  "db/repositories/chart_repo.py": 1778155854.5509725,
  "bot/logging.py": 1777793509.5350509,
  "bot/config.py": 1778931383.2824397,
  "bot/__init__.py": 1777621766.6137247,
  "bot/main.py": 1778931613.4507003,
  "bot/states.py": 1778092419.678018,
  "bot/routers/consultation.py": 1778989388.8075209,
  "bot/routers/__init__.py": 1777621766.613836,
  "bot/routers/start.py": 1778946618.0807564,
  "bot/routers/birth_data.py": 1778221278.350898,
  "bot/keyboards/__init__.py": 1778946545.4262316,
  "bot/middlewares/tracing.py": 1777793890.3089006,
  "bot/middlewares/__init__.py": 1778180108.4789546,
  "bot/middlewares/db_session.py": 1778050200.6548617,
  "bot/middlewares/user_middleware.py": 1778050385.0594378,
  "bot/middlewares/history.py": 1778180073.0605066,
  "bot/services/birth_datetime.py": 1778088869.6186085,
  "bot/services/__init__.py": 1778068061.4526482,
  "bot/services/menu.py": 1778162519.9797964,
  "bot/services/geocoding.py": 1778141742.2129164,
  "monitoring/__init__.py": 1777621766.637547,
  "MASTER.md": 1778932121.4164574,
  "tasks.md": 1779014267.4995434,
  "CLAUDE.md": 1778482514.8860216,
  "\u0411\u0430\u0437\u0430/ba_zi_prompt_anastasia_v2.md": 1773288346.1573443,
  "\u0411\u0430\u0437\u0430/teacher/_template.md": 1778990077.6956322,